{
  "ice_candidates_count": 1540,
  "volume_estimate": {
    "headline_m3": 9.383732795715332,
    "ci_90_lo": 7.8667503336673255,
    "ci_90_hi": 13.27257549064732,
    "uncertainty_pct": 28.804236409248173
  },
  "reference_stats": {
    "mu_cpr": 0.4,
    "std_cpr": 0.1,
    "mu_dop": 0.7,
    "std_dop": 0.1,
    "mu_rough": 1173.0391845703125,
    "std_rough": 31.817602157592773,
    "type": "sunlit_fallback"
  }
}