{
  "ice_candidates_count": 1540,
  "volume_estimate": {
    "headline_m3": 129.15013122558594,
    "ci_90_lo": 119.49083509110335,
    "ci_90_hi": 158.57229707180193,
    "uncertainty_pct": 15.13024478172429
  },
  "reference_stats": {
    "mu_cpr": 0.4,
    "std_cpr": 0.1,
    "mu_dop": 0.7,
    "std_dop": 0.1,
    "mu_rough": 1173.0391845703125,
    "std_rough": 31.817602157592773,
    "type": "sunlit_fallback"
  }
}